Julian date,Fluxes [/day],Radial velocity [km/s],Tangential velocity [km/s],Radial distance [au],Detection time [hours]
2459029.417,14,7.893131543,44.78670476,0.541812876,1.496425994
2459030.417,16,8.301734036,44.42685332,0.546490754,1.497797555
2459031.417,11,8.684953745,44.05504069,0.551397293,1.49142587
2459032.417,13,9.042814459,43.67310815,0.556517832,1.498092702
2459033.417,18,9.375507457,43.28281598,0.561837772,1.498092702
2459034.417,11,9.683370222,42.88583179,0.567342668,1.498092702
2459035.417,5,9.966866007,42.48372217,0.573018309,0.890855423
2459036.417,11,10.22656498,42.07794736,0.57885078,0.940301093
2459037.417,15,10.46312493,41.66985793,0.584826525,1.498370486
2459038.417,13,10.67727487,41.26069425,0.590932386,1.4908703
2459039.417,8,10.86979838,40.8515872,0.597155646,1.497814917
2459040.417,6,11.04151961,40.44356085,0.603484049,1.497814917
2459041.417,9,11.19329044,40.037536,0.609905827,1.496981563
2459042.417,10,11.32597901,39.63433507,0.616409708,1.498092702
2459043.417,9,11.4404605,39.23468628,0.622984922,1.496425994
2459044.417,9,11.53760662,38.83923294,0.629621208,1.497814917
2459045.417,10,11.61829849,38.44850936,0.636308811,1.491148085
2459046.417,13,11.68335446,38.06304282,0.643038459,1.253086627
2459047.417,6,11.73361841,37.68322942,0.649801368,1.49503707
2459048.417,14,11.76989926,37.30941672,0.65658923,1.497780194
2459049.417,8,11.79297724,36.94189764,0.663394197,1.497814917
2459050.417,12,11.80360507,36.58091165,0.670208862,1.4908703
2459051.417,9,11.80250546,36.2266511,0.677026244,1.493092578
2459052.417,8,11.79037037,35.87926564,0.683839772,1.481981191
2459053.417,9,11.76786049,35.53886698,0.690643265,1.493092578
2459054.417,10,11.73560514,35.20553305,0.697430913,1.493092578
2459055.417,7,11.69420253,34.87931186,0.704197262,1.493092578
2459056.417,6,11.64422038,34.56022497,0.710937195,1.492814793
2459080.417,5,8.900533794,28.86446034,0.855857007,0.883633021
2459081.417,4,8.750507196,28.69755917,0.860954241,1.493092578
2459082.417,3,8.599081378,28.53533647,0.865964419,1.493092578
2459083.417,5,8.446357311,28.3776922,0.870886761,1.493092578
2459084.417,4,8.292429477,28.22452882,0.875720546,1.493092578
2459085.417,5,8.137385657,28.07575128,0.880465104,1.49142587
2459086.417,5,7.981308077,27.93126735,0.885119814,1.493092578
2459087.417,3,7.824273495,27.7909871,0.889684102,1.4872591
2459088.417,5,7.666353475,27.65482329,0.894157436,1.493092578
2459089.417,3,7.50761476,27.52269128,0.898539324,1.493370362
2459090.417,5,7.348119597,27.39450897,0.902829311,1.493092578
2459091.417,0,7.187926107,27.27019687,0.907026978,1.493092578
2459092.417,2,7.027089272,27.14967793,0.911131937,1.494203716
2459093.417,5,6.865658676,27.03287754,0.915143831,1.494481501
2459094.417,4,6.703681025,26.91972385,0.919062331,1.488648023
2459095.417,1,6.5411999,26.8101472,0.922887133,1.494481501
2459096.417,6,6.378255893,26.70408035,0.92661796,1.494481501
2459097.417,6,6.21488677,26.60145844,0.930254554,1.494481501
2459098.417,1,6.051127517,26.50221914,0.93379668,1.489759162
2459106.417,3,4.730465143,25.82329107,0.958710448,1.444202476
2459107.417,3,4.564409789,25.75203742,0.961394576,1.493648147
2459108.417,8,4.398200992,25.68365821,0.963982753,1.487536884
2459109.417,9,4.231853502,25.6181133,0.966474896,1.493648147
2459110.417,2,4.065380947,25.55536446,0.968870929,1.475314359
2459111.417,5,3.898795855,25.49537525,0.971170783,1.493370362
2459112.417,1,3.7321096,25.43811113,0.973374396,1.492814793
2459113.417,3,3.565332831,25.38353882,0.975481713,1.253086627
2459114.417,0,3.398474815,25.33162719,0.977492684,1.493092578
2459115.417,2,3.231544657,25.2823464,0.979407266,1.486981315
2459116.417,9,3.064550103,25.2356684,0.981225418,1.493092578
2459117.417,1,2.897498304,25.1915667,0.982947106,1.492537008
2459118.417,1,2.730395763,25.15001632,0.984572299,1.493648147
2459119.417,5,2.563248282,25.1109937,0.986100966,1.493092578
2459120.417,3,2.396061239,25.07447711,0.987533088,1.491148085
2459121.417,1,2.228839257,25.04044593,0.988868642,1.493092578
2459122.417,2,2.061586688,25.00888125,0.990107607,1.4872591
2459123.417,3,1.894307272,24.97976545,0.991249969,1.493370362
2459124.417,3,1.727004374,24.95308237,0.992295711,1.384200989
2459125.417,6,1.559681006,24.92881723,0.993244822,1.493925932
2459126.417,6,1.39233973,24.9069569,0.99409729,1.492259224
2459127.417,2,1.224983103,24.88748897,0.994853106,1.4908703
2459128.417,1,1.057612907,24.87040312,0.995512261,1.493925932
2459129.417,2,0.890231423,24.85568982,0.996074749,1.4872591
2459130.417,5,0.72284014,24.84334121,0.996540562,1.493370362
2459131.417,3,0.555440537,24.83335071,0.996909697,1.493092578
2459132.417,4,0.388033985,24.825713,0.997182149,1.493370362
2459133.417,6,0.220621776,24.82042414,0.997357913,1.493370362
2459134.417,3,0.05320506,24.81748143,0.997436987,1.48670353
2459135.417,2,-0.114215124,24.81688346,0.997419369,1.487814669
2459136.417,3,-0.281637406,24.81863033,0.997305057,1.476703282
2459137.417,2,-0.449060725,24.82272324,0.99709405,1.488092454
2459138.417,2,-0.616483893,24.82916479,0.996786349,1.488370238
2459139.417,7,-0.783905611,24.83795885,0.996381952,1.488370238
2459140.417,5,-0.951324606,24.8491109,0.995880862,1.488370238
2459141.417,3,-1.118739112,24.86262702,0.995283081,1.485870176
2459142.417,4,-1.286147735,24.87851548,0.994588612,1.487814669
2459143.417,4,-1.453548172,24.89678519,0.993797458,1.476703282
2459144.417,7,-1.620938432,24.91744686,0.992909625,1.488092454
2459145.417,2,-1.788316114,24.94051243,0.99192512,1.487814669
2459146.417,1,-1.955678462,24.96599521,0.99084395,1.487814669
2459147.417,4,-2.123022514,24.99391004,0.989666126,1.487814669
2459148.458,4,-2.297315806,25.02559129,0.988336458,1.485314607
2459149.458,7,-2.464611068,25.05852285,0.986961335,1.48670353
2459150.458,6,-2.631875899,25.09393968,0.9854896,1.475314359
2459151.458,3,-2.799105524,25.13186237,0.983921271,1.48670353
2459152.458,4,-2.966294564,25.17231293,0.98225637,1.48670353
2459153.458,4,-3.133436811,25.21531486,0.980494923,1.486981315
2459154.458,4,-3.300526226,25.26089317,0.978636958,1.485870176
2459155.458,5,-3.467553024,25.30907451,0.976682508,1.490592516
2459156.458,2,-3.634560499,25.35988599,0.974631609,1.491148085
2459157.458,4,-3.801443892,25.4133601,0.97248428,1.483925684
2459158.458,1,-3.968237078,25.46952694,0.970240592,1.491703654
2459159.458,5,-4.134932428,25.52841932,0.967900601,1.491148085
2459160.458,5,-4.301517874,25.59007188,0.965464367,1.49142587
2459161.458,4,-4.467980383,25.65452144,0.962931956,1.4908703
2459162.458,7,-4.634305875,25.72180639,0.960303444,1.491703654
2459163.458,1,-4.800479355,25.79196676,0.957578914,1.492814793
2459164.458,3,-4.966483865,25.86504495,0.954758459,1.484481253
2459165.458,5,-5.132301684,25.94108479,0.951842181,1.491148085
2459166.458,6,-5.297913216,26.0201322,0.948830194,1.492814793
2459167.458,5,-5.463297873,26.10223471,0.945722623,1.492814793
2459168.458,3,-5.628431976,26.18744298,0.942519605,1.477536636
2459169.458,11,-5.793291267,26.2758087,0.939221293,1.499464263
2459170.458,21,-5.957849428,26.36738587,0.935827851,1.498926056
2459171.458,10,-6.122077247,26.46223105,0.932339464,1.491408508
2459172.458,10,-6.285943962,26.56040264,0.92875633,1.498370486
2459173.458,5,-6.449416221,26.66196142,0.925078667,1.490592516
2459174.458,6,-6.6124581,26.7669705,0.921306714,1.498092702
2459175.458,14,-6.775030958,26.8754953,0.917440729,1.498648271
2459176.458,8,-6.937093238,26.98760369,0.913480996,1.487502161
2459179.458,6,-7.419754682,27.34614543,0.90104252,1.490592516
2459180.458,5,-7.579295088,27.47331596,0.896711146,1.491148085
2459181.458,8,-7.738066057,27.6044467,0.892287849,1.4908703
2459182.458,5,-7.896003945,27.73962069,0.887773092,1.490592516
2459183.458,4,-8.053040486,27.87892364,0.883167375,1.4908703
2459184.458,3,-8.209102396,28.02244393,0.87847124,1.492537008
2459185.458,8,-8.364111531,28.17027257,0.873685271,1.483370114
2459186.458,9,-8.517983724,28.32250315,0.868810101,1.492537008
2459187.458,8,-8.670629053,28.47923209,0.863846413,1.492537008
2459188.458,5,-8.821951217,28.64055835,0.858794941,1.492537008
2459189.458,8,-8.971847137,28.80658351,0.853656481,1.492537008
2459190.458,8,-9.120206519,28.97741166,0.848431886,1.489481377
2459191.458,5,-9.26691139,29.15314975,0.843122079,1.488092454
2459192.458,7,-9.411835582,29.33390604,0.837728051,1.482814545
2459193.458,11,-9.554844282,29.51979202,0.832250868,1.487814669
2459194.458,6,-9.695793453,29.710921,0.826691679,1.491148085
2459195.458,7,-9.834529317,29.90740817,0.821051716,1.487814669
2459196.458,6,-9.97088781,30.10937038,0.815332304,1.487536884
2459197.458,4,-10.1046941,30.31692628,0.809534868,1.489759162
2459198.458,8,-10.23576202,30.53019448,0.803660933,1.490852939
2459199.458,8,-10.36389391,30.7492953,0.797712138,1.482814545
2459200.458,13,-10.48888031,30.97434901,0.791690239,1.490852939
2459201.458,4,-10.61050024,31.20547511,0.785597116,1.490314731
2459202.458,5,-10.72852245,31.44279305,0.779434779,1.491703654
2459203.458,15,-10.84270689,31.68641591,0.773205374,1.492814793
2459204.458,4,-10.95281391,31.93646872,0.76691119,1.491981439
2459205.458,6,-11.05860357,32.19301222,0.760554644,1.493092578
2459206.458,8,-11.15991848,32.45631483,0.754138307,1.484203468
2459207.458,6,-11.25656984,32.72581047,0.747664721,1.493092578
2459208.458,11,-11.34936333,33.00391823,0.741136775,1.493092578
2459209.458,9,-11.43866239,33.2815157,0.734555291,1.492814793
2459210.458,41,-11.55100225,33.58975387,0.727922549,1.499169117
2459211.458,9,-11.57358623,33.2139435,0.721145709,1.301976728
2459212.458,10,-11.63252692,33.49419062,0.714444485,1.484759038
2459213.458,10,-11.71817888,33.80808294,0.707702534,1.493092578
2459214.458,14,-11.80129598,34.12109105,0.700910178,1.493092578
2459215.458,13,-11.87812803,34.444362,0.694071909,1.488648023
2459216.458,26,-11.94735335,34.7752909,0.687191313,1.49142587
2459217.458,21,-12.00797778,35.11459644,0.68027326,1.491148085
2459218.458,12,-12.05936191,35.46242266,0.673322768,1.266142506
2459219.458,10,-12.10067851,35.81872555,0.66634547,1.484463891
2459220.458,13,-12.13115752,36.18347479,0.659347401,1.482814545
2459221.458,17,-12.15000823,36.55663203,0.652335049,1.491148085
2459222.458,19,-12.15640579,36.93811004,0.645315365,1.491148085
2459223.458,14,-12.14948859,37.32777748,0.638295788,1.492537008
2459224.458,16,-12.12835654,37.72544996,0.631284267,1.492537008
2459225.458,21,-12.09207086,38.13088459,0.624289281,1.490314731
2459226.458,12,-12.03965539,38.54377263,0.617319862,1.492259224
2459227.458,28,-11.97009796,38.96373185,0.610385615,1.250864349
2459228.458,17,-11.88235529,39.39029843,0.603496742,1.492537008
2459229.458,20,-11.77535709,39.82291846,0.596664053,1.492519647
2459230.458,16,-11.64801274,40.26093922,0.589898984,1.492814793
2459231.458,14,-11.49921947,40.70360022,0.583213602,1.294198757
2459238.458,3,-9.767581492,43.8418236,0.53979264,0.130003223
2459239.458,16,-9.410384584,44.27868813,0.534253128,1.490019585
2459240.458,10,-9.023663424,44.70731064,0.528928421,1.492814793
2459241.458,17,-8.607115348,45.12554323,0.523835668,1.484463891
2459242.458,21,-8.160654525,45.53111713,0.518992131,1.492814793
2459243.458,14,-7.684440608,45.92166141,0.514415053,1.492241862
2459244.458,24,-7.178905377,46.29472698,0.510121506,1.492814793
2459246.458,26,-6.083100957,46.97841652,0.502451452,1.488648023
2459247.458,28,-5.495251947,47.28404182,0.499106701,1.490592516
2459248.458,20,-4.882942917,47.56227356,0.496108616,1.48253676
2459249.458,37,-4.24822421,47.81080838,0.493470746,1.490592516
2459250.458,40,-3.593472938,48.02750437,0.491205365,1.49920384
2459251.458,27,-2.92137343,48.21042923,0.48932328,1.482519399
2459252.458,26,-2.23488776,48.35790694,0.487833667,1.49142587
2459253.458,20,-1.537215601,48.46855548,0.486743923,1.490592516
2459254.458,19,-0.831747971,48.54132431,0.486059536,1.48309233
2459255.458,20,-0.122010688,48.57552104,0.485783996,1.4908703
2459256.458,26,0.588394676,48.57082994,0.485918731,1.49142587
2459257.458,24,1.295854576,48.52732011,0.486463081,1.490592516
2459258.458,45,1.996807029,48.44544329,0.487414314,1.490575154
2459259.458,27,2.687803437,48.32602118,0.488767669,1.4908703
2459260.458,16,3.365565569,48.17022352,0.490516438,1.489481377
2459261.458,19,4.02703635,47.97953723,0.492652084,1.490592516
2459262.458,22,4.669423027,47.75572851,0.495164378,1.482519399
2459263.458,22,5.290229788,47.50080044,0.498041563,1.4908703
2459264.458,5,5.88728183,47.21694665,0.50127053,1.075026656
2459265.458,33,6.458738941,46.90650399,0.504837012,1.491408508
2459266.458,11,7.003099465,46.57190569,0.508725779,1.4908703
2459267.458,20,7.519197084,46.21563657,0.512920826,1.488648023
2459268.458,8,8.006187278,45.84019137,0.517405573,1.493092578
2459269.458,18,8.463530794,45.44803794,0.522163037,1.48140826
2459270.458,9,8.890970217,45.04158448,0.52717601,1.491148085
2459271.458,21,9.28850418,44.62315277,0.532427208,1.4908703
2459272.458,14,9.656358948,44.1949564,0.537899415,1.490314731
2459273.458,19,9.994960095,43.75908397,0.543575603,1.49142587
2459287.458,18,12.15594665,37.68517998,0.636012846,1.491148085
2459288.458,4,12.16757482,37.29094081,0.64303753,1.488908446
2459289.458,10,12.16553005,36.90462805,0.650064939,1.491148085
2459290.458,11,12.15067944,36.52641638,0.657087428,1.484203468
2459291.458,9,12.12384589,36.15643023,0.664097841,1.491148085
2459292.458,10,12.08581034,35.79475082,0.671089485,1.491148085
2459293.458,5,12.03731175,35.44142134,0.678056106,1.491148085
2459294.458,14,11.97904787,35.09645179,0.684991864,1.491148085
2459295.458,15,11.91167621,34.75982355,0.691891313,1.488925808
2459296.458,5,11.83581715,34.43149182,0.698749311,1.491148085
2459297.458,3,11.75204904,34.11139471,0.705561242,1.497259348
2459298.458,5,11.66091921,33.79944864,0.712322645,1.496425994
2459299.458,6,11.5629387,33.49555611,0.719029413,1.4908703
2459300.458,10,11.45858631,33.19960718,0.72567773,1.490314731
2459301.458,2,11.34831006,32.91148168,0.732264047,1.491148085
2459302.417,9,11.23745774,32.64258379,0.738514701,1.488370238
2459303.417,8,11.11676807,32.36940168,0.744970256,1.490592516
2459304.417,8,10.99131551,32.10364462,0.75135472,1.481981191
2459305.417,5,10.86144324,31.84516965,0.757665437,1.490575154
2459306.417,12,10.72747065,31.5938306,0.763899948,1.490575154
2459307.417,8,10.5896931,31.3494797,0.77005597,1.490592516
2459308.417,1,10.44838752,31.1119685,0.776131388,1.490592516
2459309.417,7,10.30381215,30.8811486,0.782124238,1.489464015
2459310.417,4,10.15620733,30.65687233,0.788032704,1.4908703
2459311.417,6,10.00579716,30.43899314,0.793855099,1.482258976
2459312.417,6,9.852789993,30.22736628,0.799589866,1.4908703
2459313.417,6,9.697379795,30.02184907,0.805235562,1.4908703
2459314.417,10,9.539747066,29.82230122,0.81079085,1.4908703
2459315.417,2,9.380059708,29.62858512,0.816254496,1.4908703
2459316.417,7,9.2184739,29.44056607,0.82162536,1.488925808
2459317.417,9,9.055134657,29.25811239,0.826902387,1.4908703
2459318.417,5,8.890177319,29.08109567,0.832084604,1.482258976
2459319.417,6,8.723727217,28.90939076,0.837171114,1.4908703
2459320.417,5,8.55590093,28.74287588,0.842161087,1.4908703
2459321.417,3,8.386806785,28.58143272,0.847053762,1.49142587
2459322.417,4,8.216545385,28.4249464,0.851848435,1.4908703
2459323.417,14,8.045210168,28.27330553,0.85654446,1.491148085
2459324.417,5,7.872887605,28.12640225,0.86114124,1.490575154
2459325.417,7,7.699658595,27.98413201,0.865638231,1.483647899
2459326.417,4,7.525597602,27.8463938,0.87003493,1.490592516
2459327.417,5,7.350773815,27.71308999,0.874330877,1.490592516
2459328.417,3,7.175251397,27.58412632,0.87852565,1.490592516
2459329.417,5,6.999089775,27.4594118,0.882618863,1.490575154
2459330.417,6,6.822344019,27.33885874,0.886610163,1.490592516
2459331.417,4,6.645064654,27.22238227,0.890499227,1.492814793
2459332.417,3,6.467299504,27.10990162,0.894285761,1.484203468
2459333.417,2,6.289091825,27.0013382,0.897969498,1.492814793
2459334.417,6,6.110481789,26.8966167,0.901550193,1.492814793
2459335.417,4,5.931506557,26.79566476,0.905027624,1.492814793
2459336.417,3,5.752200253,26.69841292,0.908401592,1.492814793
2459337.417,6,5.572595957,26.6047945,0.911671914,1.488925808
2459338.417,8,5.392721408,26.51474576,0.914838427,1.490592516
2459339.417,2,5.212603017,26.42820524,0.917900982,1.481981191
2459340.417,3,5.032265381,26.34511447,0.920859445,1.490592516
2459341.417,7,4.851730957,26.26541749,0.923713697,1.490592516
2459342.417,4,4.671020324,26.18906081,0.92646363,1.490592516
2459343.417,3,4.490152265,26.11599339,0.929109147,1.490592516
2459344.417,8,4.309144003,26.04616664,0.931650162,1.488925808
2459345.417,3,4.12801043,25.97953387,0.9340866,1.490592516
2459346.417,3,3.946767039,25.91605181,0.936418392,1.481981191
2459347.417,3,3.76542619,25.85567842,0.938645479,1.490592516
2459348.417,6,3.583999452,25.79837411,0.940767807,1.4908703
2459349.417,0,3.402497367,25.74410149,0.94278533,1.490592516
2459350.417,5,3.220929386,25.69282528,0.944698008,1.490592516
2459351.417,6,3.039304029,25.64451227,0.946505804,1.488648023
2459352.417,2,2.857628506,25.59913125,0.948208688,1.490592516
2459353.417,8,2.675910227,25.55665306,0.949806633,1.481981191
2459354.417,4,2.49415491,25.51705045,0.951299616,1.490575154
2459355.417,4,2.312367803,25.48029811,0.952687617,1.490852939
2459356.417,3,2.130553568,25.44637261,0.953970619,1.490592516
2459357.417,1,1.948716258,25.41525242,0.955148607,1.490592516
2459358.417,6,1.766859442,25.38691782,0.956221571,1.488075092
2459359.417,3,1.584985815,25.36135095,0.957189497,1.490835577
2459360.417,6,1.403098662,25.33853567,0.95805238,1.482258976
2459361.417,2,1.221199901,25.31845766,0.95881021,1.490575154
2459362.417,3,1.039291715,25.30110448,0.959462982,1.490592516
2459363.417,4,0.85737465,25.28646482,0.96001069,1.490592516
2459364.417,3,0.675454244,25.27453154,0.960453332,1.490592516
2459365.417,4,0.49351626,25.26528997,0.9607909,1.490575154
2459366.417,10,0.311619337,25.25876149,0.961023407,1.490436262
2459367.417,4,0.129068851,25.25461431,0.961150585,1.481425622
2459368.417,1,-0.052925727,25.25342938,0.961172567,1.490592516
2459369.417,12,-0.234862762,25.25495861,0.961089463,1.490592516
2459370.417,7,-0.416816463,25.25916649,0.960901275,1.490592516
2459371.417,6,-0.598765907,25.26606565,0.960608001,1.468074596
2459372.417,10,-0.780715451,25.27565805,0.960209642,1.488595938
2459373.417,4,-0.96266287,25.28795039,0.959706199,1.490575154
2459374.417,6,-1.144606679,25.30295095,0.959097674,1.481981191
2459375.417,3,-1.326545496,25.32066928,0.958384069,1.490575154
2459376.417,6,-1.508477609,25.3411168,0.957565387,1.490592516
2459377.417,4,-1.690400922,25.36430672,0.956641633,1.490592516
2459378.417,6,-1.872313014,25.39025399,0.955612813,1.490592516
2459379.417,4,-2.054211011,25.41897541,0.954478933,1.4886133
2459380.417,3,-2.236092056,25.45048923,0.953240004,1.4908703
2459381.417,4,-2.417951622,25.48481639,0.951896035,1.482258976
2459382.417,3,-2.599785669,25.52197892,0.950447041,1.490592516
2459383.417,3,-2.781589285,25.56200091,0.948893037,1.490592516
2459384.417,2,-2.963356836,25.60490842,0.947234043,1.490592516
2459385.417,4,-3.145081954,25.65072946,0.945470082,1.490557793
2459386.417,2,-3.326757521,25.69949394,0.943601179,1.488595938
2459387.417,5,-3.508375038,25.75123446,0.941627367,1.490592516
2459388.417,10,-3.689926364,25.80598395,0.93954868,1.481703406
2459389.417,6,-3.871401191,25.86377901,0.93736516,1.490540431
2459390.417,7,-4.052788397,25.92465795,0.935076854,1.490592516
2459391.417,2,-4.234075734,25.9886612,0.932683817,1.490557793
2459392.417,6,-4.415249696,26.05583141,0.930186109,1.490592516
2459393.417,9,-4.596295278,26.12621359,0.927583801,1.488075092
2459394.417,3,-4.777197349,26.19985398,0.924876974,1.491148085
2459395.417,4,-4.957935741,26.27680405,0.922065711,1.481981191
2459396.417,5,-5.13849172,26.3571151,0.919150114,1.491148085
2459397.417,4,-5.318843936,26.4408416,0.916130296,1.491148085
2459398.417,6,-5.498968902,26.5280407,0.913006379,1.491130723
2459399.417,4,-5.678841005,26.61877214,0.909778504,1.491148085
2459400.417,3,-5.858433132,26.71309828,0.906446823,1.488648023
2459401.417,4,-6.037714664,26.81108475,0.903011507,1.451980447
2459402.417,6,-6.216652944,26.9127987,0.899472745,1.482258976
2459403.417,4,-6.395211867,27.01831129,0.895830745,1.482258976
2459404.417,4,-6.573352753,27.12769632,0.892085738,1.490314731
2459405.417,10,-6.75103378,27.24103054,0.888237976,1.490314731
2459406.417,8,-6.928209652,27.35839365,0.884287738,1.491148085
2459407.417,9,-7.104831455,27.4798691,0.880235331,1.486147961
2459408.417,6,-7.280845133,27.60553699,0.876081088,1.490592516
2459409.417,4,-7.456195879,27.73549716,0.871825378,1.481147837
2459410.417,4,-7.630820982,27.86983797,0.867468601,1.394479021
2459411.417,8,-7.804653747,28.00865482,0.863011195,1.490575154
2459412.417,9,-7.977622495,28.15204734,0.858453638,1.490592516
2459413.417,6,-8.149649912,28.3001184,0.853796451,1.490592516
2459414.417,17,-8.320652899,28.45297429,0.849040202,1.488630661
2459415.417,9,-8.490541567,28.61072508,0.844185507,1.4908703
2459416.417,16,-8.659219559,28.77348409,0.839233039,1.481425622
2459417.417,9,-8.826583183,28.94136821,0.834183525,1.490592516
2459418.417,6,-8.992520921,29.11449784,0.829037756,1.4908703
2459419.417,5,-9.156912944,29.29299679,0.823796591,1.4908703
2459420.417,7,-9.319630647,29.47699225,0.818460959,1.4908703
2459421.417,6,-9.480536111,29.66661466,0.813031866,1.488648023
2459422.417,7,-9.639481607,29.86199758,0.807510401,1.4908703
2459423.417,14,-9.796309154,30.06327744,0.801897741,1.481981191
2459424.417,10,-9.950850187,30.27059352,0.796195157,1.4908703
2459425.417,7,-10.1029256,30.48408661,0.790404022,1.4908703
2459426.417,11,-10.25234568,30.70390218,0.784525813,1.4908703
2459427.417,18,-10.39891307,30.93017601,0.778562121,1.491148085
2459428.417,6,-10.54241957,31.16308408,0.772514652,1.486425746
2459429.417,9,-10.68267653,31.40265061,0.766385234,1.490314731
2459430.417,11,-10.81944355,31.64945438,0.760175794,1.481981191
2459431.417,12,-10.9527944,31.90197294,0.753888411,1.490575154
2459432.417,9,-11.08201941,32.1664478,0.747524975,1.492814793
2459433.417,10,-11.21057982,32.41992822,0.741088045,1.492797431
2459434.417,4,-11.33159936,32.74757681,0.734576109,1.489186231
2459435.417,31,-11.56077795,32.82111948,0.727988754,1.500037194
2459436.417,13,-11.57089653,36.47385469,0.721203679,1.493092578
2459437.417,5,-11.46141812,37.05768553,0.714544846,1.483925684
2459438.417,14,-11.3513609,37.31953105,0.707959116,1.4908703
2459439.417,15,-11.23304045,37.67121957,0.701436164,1.4908703
2459440.417,18,-11.10275768,38.00170148,0.694985745,1.490592516
2459441.417,15,-10.95946506,38.3402296,0.688614058,1.490592516
2459442.417,14,-10.80242849,38.67824284,0.682329122,1.488092454
2459443.417,16,-10.63107386,39.01726977,0.676138974,1.490592516
2459444.417,14,-10.44483938,39.35612097,0.670052067,1.481425622
2459445.417,14,-10.24322488,39.69427177,0.664077136,1.490592516
2459446.417,11,-10.02576632,40.03095207,0.658223202,1.490592516
2459447.417,6,-9.792041526,40.36538814,0.652499539,1.490592516
2459448.417,26,-9.54167276,40.69673709,0.646915652,1.490592516
2459449.417,15,-9.274332851,41.02410494,0.641481252,1.488092454
2459450.417,18,-8.989752063,41.34654349,0.636206221,1.490592516
2459451.417,26,-8.687725772,41.66305406,0.631100579,1.481703406
2459452.417,31,-8.368122545,41.97259077,0.626174443,1.490575154
2459453.417,13,-8.030892427,42.2740654,0.621437983,1.490592516
2459454.417,20,-7.676075182,42.56635331,0.616901372,1.490592516
2459455.417,21,-7.303808276,42.8483007,0.612574734,1.4908703
2459456.417,20,-6.914334319,43.11873309,0.608468081,1.488370238
2459457.417,14,-6.508007781,43.37646512,0.604591254,1.490592516
2459458.417,17,-6.085300674,43.62031092,0.600953857,1.481130475
2459459.417,20,-5.646806821,43.8490979,0.597565184,1.490592516
2459460.417,12,-5.193244738,44.06167727,0.594434151,1.490592516
2459461.417,18,-4.725458637,44.25693905,0.591569224,1.491148085
2459462.417,12,-4.244417384,44.43382601,0.588978342,1.481981191
2459463.417,13,-3.751211384,44.59134778,0.586668854,1.488370238
2459464.417,15,-3.247047133,44.72859501,0.584647441,1.490592516
2459465.417,20,-2.733239438,44.84475285,0.582920058,1.481686045
2459466.417,18,-2.211201382,44.93911365,0.58149187,1.490592516
2459467.417,17,-1.682432125,45.01108838,0.580367203,1.490575154
2459468.417,22,-1.148502705,45.06021568,0.579549492,1.017803015
2459478.417,14,4.111970325,44.29409539,0.588332955,1.493092578
2459479.417,7,4.59573198,44.10141161,0.590848115,1.485592392
2459480.417,11,5.06646879,43.89089981,0.593638961,1.493075216
2459481.417,13,5.52318639,43.66365608,0.596697676,1.493092578
2459482.417,18,5.965014407,43.42082355,0.600015908,1.493092578
2459483.417,16,6.391207851,43.16357814,0.603584834,1.493092578
2459484.417,17,6.801146464,42.89311503,0.60739524,1.487814669
2459485.417,20,7.194332272,42.61063585,0.61143759,1.490557793
2459486.417,11,7.570385436,42.31733691,0.615702091,1.481703406
2459487.417,8,7.929038816,42.01439849,0.620178766,1.490592516
2459488.417,13,8.270131428,41.70297547,0.624857515,1.490592516
2459489.417,12,8.593601044,41.38418917,0.629728174,1.490592516
2459490.417,15,8.89947619,41.0591205,0.634780567,1.490592516
2459491.417,10,9.187867785,40.72880436,0.640004563,1.142250545
2459492.417,8,9.458960611,40.39422531,0.645390112,1.4908703
2459493.417,14,9.713004817,40.05631431,0.650927294,1.481147837
2459494.417,11,9.95030756,39.71594653,0.656606348,1.490314731
2459495.417,15,10.17122495,39.37394007,0.662417706,1.490314731
2459496.417,17,10.37615439,39.03105559,0.668352018,1.489759162
2459497.417,7,10.56552738,38.68799654,0.674400172,1.490314731
2459498.417,4,10.73980281,38.34541007,0.680553317,1.487814669
2459499.417,4,10.89946083,38.00388845,0.686802869,1.490592516
2459500.417,9,11.04499738,37.66397082,0.693140529,1.481425622
2459501.417,15,11.17691935,37.32614571,0.699558287,1.490592516
2459502.417,15,11.29573892,36.99085216,0.706048428,1.490592516
2459503.417,13,11.40197092,36.65848405,0.712603534,1.155306424
2459504.417,9,11.49612901,36.32939159,0.719216482,1.490592516
2459505.417,12,11.57872266,36.00388429,0.725880448,1.489759162
2459508.417,8,11.76209955,35.05141448,0.746114545,1.477814421
2459509.417,14,11.80336913,34.74262278,0.752920095,1.500037194
2459510.417,0,11.83548328,34.43844664,0.759746815,0.754046475
2459519.458,16,11.77928675,31.91103609,0.821651318,1.479342237
2459520.458,5,11.74152726,31.65667936,0.828443774,1.490592516
2459521.458,9,11.69866872,31.40729859,0.835212935,1.481425622
2459522.458,32,11.65098934,31.16285531,0.841955939,1.490592516
2459523.458,5,11.59875397,30.92330446,0.848670077,1.490592516
2459524.458,9,11.54221459,30.68859532,0.855352792,1.490592516
2459525.458,2,11.48161086,30.45867219,0.862001668,1.426424258
2459526.458,0,11.4171706,30.23347518,0.868614424,1.488092454
2459527.458,5,11.34911038,30.01294078,0.875188907,1.490592516
2459528.458,4,11.27763603,29.79700245,0.881723086,1.481425622
2459529.458,3,11.20294329,29.58559108,0.888215047,1.477675529
2459533.458,1,10.87558891,28.78376622,0.913726163,1.027525478
2459534.458,2,10.78743463,28.59388912,0.919981995,1.490314731
2459535.458,2,10.69706504,28.40808904,0.926186266,1.475574782
2459536.458,2,10.60462751,28.22628375,0.93233774,1.314754822
2459537.458,1,10.51027933,28.0483975,0.938435269,1.499481625
2459538.458,5,10.41415258,27.87431609,0.944477783,1.270031491
2459539.458,3,10.31651969,27.704044,0.950464344,0.901689025
2459540.458,1,10.21724377,27.53709577,0.956393996,1.487814669
2459541.458,7,10.11798037,27.37471655,0.962266424,1.499481625
2459542.458,2,10.01434767,27.21146177,0.968079742,0.678350153
2459543.458,0,9.926387131,27.06619206,0.973839404,1.490592516
2459544.458,2,9.79079122,26.8643312,0.979527253,1.490314731
2459545.458,1,9.983793439,26.83173954,0.985235939,0.784325003
2459551.458,1,3.707378301,20.7768422,1.001524315,0.721128992
2459552.458,3,3.445269776,20.7399472,1.003589814,1.490314731
2459553.458,5,3.183572326,20.70571186,1.005504011,1.438368998
2459554.458,1,2.922561531,20.67462554,1.00726728,1.488092454
2459555.458,1,2.662068684,20.64657875,1.008879952,1.490592516
2459556.458,3,2.402060144,20.62160099,1.01034232,1.481425622
2459557.458,6,2.142475216,20.59967436,1.011654645,1.490575154
2459558.458,6,1.883266018,20.58078925,1.012817158,1.490592516
2459559.458,8,1.624384802,20.56493254,1.013830063,1.490575154
2459560.458,8,1.365786173,20.55209265,1.014693534,1.490314731
2459561.458,1,1.107425768,20.54225926,1.015407723,0.426955031
2459562.458,2,0.849260134,20.53542404,1.015972755,1.07586001
2459563.458,6,0.591246448,20.53158096,1.01638873,1.481425622
2459564.458,4,0.333342368,20.53072643,1.016655723,1.487814669
